29.52830189,,,,,,,,,,0,,,,,,,,,
,,,,,,,,,0,12,0,,,,,,,,
,,,,,,,,0,0,0,0,0,,,,,,,
,,,,,,,0,0,0,0,0,0,0,,,,,,
,,,,,,0,0,0,0,1,0,0,0,0,,,,,
,,,,,0,0,0,0,0,7,0,0,0,0,0,,,,
,,,,0,0,0,0,0,0,8,0,0,0,0,0,0,,,
,,,0,0,0,0,0,0,0,8,1,0,0,0,0,0,0,,
,,0,0,0,0,0,0,0,-1,10,-6,0,0,0,0,0,0,0,
,0,0,0,0,0,0,0,0,0,17,7,0,0,0,0,0,0,0,0
0,0,0,0,0,0,0,0,0,0,,,,,,,,,,
,,,,,,,,,,,,,,,,,,,
Nz_Order,11,,,,,,,,,,,,,,,,,,
,,,,,,,,,,0,,,,,,,,,
,,,,,,,,,2,3,2,,,,,,,,
,,,,,,,,0,0,0,0,0,,,,,,,
,,,,,,,0,0,0,2,3,0,0,,,,,,
,,,,,,-1,0,0,3,2,0,1,0,0,,,,,
,,,,,0,0,0,0,0,0,1,0,0,0,0,,,,
,,,,0,0,0,0,0,1,2,3,1,0,0,0,0,,,
,,,0,0,-1,0,0,2,3,2,1,0,0,0,0,0,0,,
,,0,0,0,0,0,0,0,0,3,3,0,0,0,0,0,0,0,
,0,0,-1,0,0,0,0,0,5,5,5,1,2,0,0,0,0,0,0
0,0,-2,3,-3,4,-4,11,5,-5,,,,,,,,,,
,,,,,,,,,,,,,,,,,,,
Nz_Order,35,,,,,,,,,,,,,,,,,,
,,,,,,,,,,0,,,,,,,,,
,,,,,,,,,0,0,0,,,,,,,,
,,,,,,,,0,0,0,0,0,,,,,,,
,,,,,,,0,0,0,0,0,0,0,,,,,,
,,,,,,0,0,0,0,0,0,0,0,0,,,,,
,,,,,0,0,0,0,0,0,0,0,0,0,0,,,,
,,,,0,0,0,0,0,0,0,0,0,0,0,0,0,,,
,,,0,0,0,0,0,0,0,0,0,0,1,0,0,0,0,,
,,0,0,0,0,0,0,1,3,2,2,0,0,0,2,0,0,0,
,0,0,0,0,0,0,0,4,8,13,10,3,3,0,0,1,0,0,0
0,0,-1,2,-2,5,-2,12,7,-10,,,,,,,,,,
,,,,,,,,,,,,,,,,,,,
Nz_Order,21,,,,,,,,,,,,,,,,,,
,,,,,,,,,,0,,,,,,,,,
,,,,,,,,,0,0,0,,,,,,,,
,,,,,,,,0,0,0,0,0,,,,,,,
,,,,,,,0,0,0,0,0,0,0,,,,,,
,,,,,,0,0,0,0,0,0,0,0,0,,,,,
,,,,,0,0,0,-2,0,-1,0,0,0,0,0,,,,
,,,,0,0,0,0,0,0,0,-2,-2,0,0,0,0,,,
,,,-3,0,0,0,-2,0,-1,0,0,0,0,0,0,0,0,,
,,0,0,0,0,0,0,0,0,2,1,2,0,0,0,0,0,0,
,0,0,0,0,0,0,0,2,6,13,7,6,5,3,0,0,0,0,0
0,0,0,3,-4,5,-3,14,9,6,,,,,,,,,,
,,,,,,,,,,,,,,,,,,,
Nz_Order,24,,,,,,,,,,,,,,,,,,
,,,,,,,,,,5,,,,,,,,,
,,,,,,,,,0,5,0,,,,,,,,
,,,,,,,,0,0,5,0,0,,,,,,,
,,,,,,,-2,-3,0,4,0,0,0,,,,,,
,,,,,,0,0,0,0,5,0,0,0,0,,,,,
,,,,,0,0,-1,0,2,7,0,0,0,0,0,,,,
,,,,0,0,0,0,0,0,5,0,0,-2,0,0,0,,,
,,,0,0,0,0,-2,0,2,5,2,0,0,0,0,0,0,,
,,0,0,0,0,0,-1,0,3,5,0,0,0,0,0,0,0,0,
,0,0,0,0,0,0,-2,0,6,12,4,0,0,0,0,0,0,0,0
0,0,0,0,0,1,-2,8,6,-13,,,,,,,,,,
,,,,,,,,,,,,,,,,,,,
Nz_Order,28,,,,,,,,,,,,,,,,,,
,,,,,,,,,,0,,,,,,,,,
,,,,,,,,,0,0,0,,,,,,,,
,,,,,,,,0,0,0,0,0,,,,,,,
,,,,,,,0,0,0,0,0,0,0,,,,,,
,,,,,,0,0,0,0,0,0,0,0,0,,,,,
,,,,,0,0,0,0,0,0,0,0,0,0,0,,,,
,,,,0,0,0,0,0,0,0,0,0,0,0,0,0,,,
,,,0,0,0,0,0,0,-1,0,0,0,0,0,0,0,0,,
,,0,0,-1,0,0,0,0,-4,-5,0,0,0,0,0,0,0,0,
,0,0,0,0,0,0,0,8,15,22,5,0,1,0,0,0,0,0,0
0,0,0,0,0,0,-5,5,14,10,,,,,,,,,,
,,,,,,,,,,,,,,,,,,,
Nz_Order,13,,,,,,,,,,,,,,,,,,
,,,,,,,,,,0,,,,,,,,,
,,,,,,,,,0,0,0,,,,,,,,
,,,,,,,,0,0,0,0,0,,,,,,,
,,,,,,,0,0,0,0,0,0,0,,,,,,
,,,,,,0,0,0,0,0,0,0,2,0,,,,,
,,,,,0,0,0,0,0,0,0,0,0,3,0,,,,
,,,,0,0,0,0,0,0,0,0,0,2,0,2,0,,,
,,,0,0,0,0,0,0,0,2,0,0,0,2,0,0,0,,
,,0,0,0,0,0,0,0,0,2,2,1,0,0,0,0,0,0,
,0,0,0,1,0,0,-2,-2,7,18,11,6,3,4,0,0,0,0,0
0,0,0,1,-3,3,-4,8,5,-10,,,,,,,,,,
,,,,,,,,,,,,,,,,,,,
Nz_Order,25,,,,,,,,,,,,,,,,,,
,,,,,,,,,,0,,,,,,,,,
,,,,,,,,,0,0,0,,,,,,,,
,,,,,,,,0,0,0,0,0,,,,,,,
,,,,,,,0,0,0,0,0,0,0,,,,,,
,,,,,,0,0,0,0,0,0,0,0,0,,,,,
,,,,,0,0,0,0,0,-1,0,0,0,0,0,,,,
,,,,0,0,0,0,0,0,0,0,0,0,0,0,0,,,
,,,0,0,0,0,0,0,0,0,-2,0,0,0,0,0,0,,
,,0,0,0,0,0,0,0,-1,0,0,3,2,0,0,0,0,0,
,0,0,0,0,0,1,-2,-1,0,14,13,9,5,4,1,0,0,0,0
0,0,0,0,0,1,-3,6,8,7,,,,,,,,,,
,,,,,,,,,,,,,,,,,,,
Nz_Order,19,,,,,,,,,,,,,,,,,,
,,,,,,,,,,0,,,,,,,,,
,,,,,,,,,0,0,0,,,,,,,,
,,,,,,,,0,0,0,0,0,,,,,,,
,,,,,,,0,0,0,0,0,0,0,,,,,,
,,,,,,0,1,0,0,0,-2,0,0,0,,,,,
,,,,,0,0,0,0,0,0,5,-4,0,0,0,,,,
,,,,0,0,0,0,-1,-3,0,5,-4,5,-3,0,0,,,
,,,0,0,0,0,0,0,-2,3,0,0,0,0,0,0,0,,
,,0,0,0,0,0,0,-3,0,0,0,0,-3,0,0,0,0,0,
,0,0,0,0,0,0,-7,-7,6,51,11,0,2,1,0,0,0,0,0
0,0,0,0,0,0,0,8,14,-9,,,,,,,,,,
,,,,,,,,,,,,,,,,,,,
Nz_Order,24,,,,,,,,,,,,,,,,,,
,,,,,,,,,,0,,,,,,,,,
,,,,,,,,,0,0,0,,,,,,,,
,,,,,,,,0,0,0,0,0,,,,,,,
,,,,,,,0,0,0,0,0,0,0,,,,,,
,,,,,,0,0,0,0,0,-3,0,0,0,,,,,
,,,,,0,0,0,0,-6,0,0,0,0,0,0,,,,
,,,,0,0,0,0,0,0,0,0,0,0,0,0,0,,,
,,,0,0,0,0,0,0,0,0,0,0,-4,0,0,0,0,,
,,0,0,0,0,0,0,-4,0,6,2,-2,0,0,0,0,0,0,
,0,0,0,0,0,0,-2,-4,8,31,19,3,2,0,0,0,0,0,0
0,0,0,0,-1,2,-2,4,8,7,,,,,,,,,,
,,,,,,,,,,,,,,,,,,,
Nz_Order,20,,,,,,,,,,,,,,,,,,
,,,,,,,,,,0,,,,,,,,,
,,,,,,,,,0,0,0,,,,,,,,
,,,,,,,,0,0,0,0,0,,,,,,,
,,,,,,,0,0,0,0,0,0,0,,,,,,
,,,,,,0,0,0,0,0,0,0,0,0,,,,,
,,,,,0,0,0,0,0,0,0,0,0,0,0,,,,
,,,,0,0,0,0,0,0,0,0,0,0,0,0,0,,,
,,,0,0,0,0,0,0,0,0,0,0,0,0,0,0,0,,
,,0,0,0,0,0,0,-2,-3,-3,-9,-1,-4,0,0,-2,0,0,
,0,0,0,0,0,0,-7,-4,7,26,14,5,4,0,0,3,0,0,0
0,0,-1,4,-5,5,-12,10,13,26,,,,,,,,,,
,,,,,,,,,,,,,,,,,,,
Nz_Order,23,,,,,,,,,,,,,,,,,,
,,,,,,,,,,0,,,,,,,,,
,,,,,,,,,0,0,0,,,,,,,,
,,,,,,,,0,0,0,0,0,,,,,,,
,,,,,,,0,0,0,0,0,0,0,,,,,,
,,,,,,0,0,0,0,0,0,0,0,0,,,,,
,,,,,0,0,0,0,0,0,0,0,0,0,0,,,,
,,,,0,0,0,0,0,0,0,0,0,0,0,0,0,,,
,,,0,0,0,0,0,0,1,0,0,0,0,0,0,0,0,,
,,0,0,0,0,0,0,-4,0,-3,-4,-2,0,0,0,0,0,0,
,0,0,0,0,0,0,-7,-7,24,45,0,4,0,0,0,0,0,0,0
0,0,-1,2,-3,4,-5,9,5,6,,,,,,,,,,
,,,,,,,,,,,,,,,,,,,
Nz_Order,18,,,,,,,,,,,,,,,,,,
,,,,,,,,,,0,,,,,,,,,
,,,,,,,,,0,0,0,,,,,,,,
,,,,,,,,0,0,0,0,0,,,,,,,
,,,,,,,0,0,0,0,0,0,0,,,,,,
,,,,,,0,0,0,0,0,0,0,0,0,,,,,
,,,,,0,0,0,0,0,0,0,0,0,0,1,,,,
,,,,0,0,0,0,0,0,-2,0,0,0,0,0,0,,,
,,,0,0,0,0,0,0,2,1,0,0,0,0,0,0,0,,
,,0,0,0,0,0,0,0,-12,-13,6,0,0,0,0,1,0,0,
,0,0,0,2,-3,0,-3,6,5,23,4,4,0,0,0,0,0,0,0
0,0,-2,3,-4,6,-7,3,-2,45,,,,,,,,,,
,,,,,,,,,,,,,,,,,,,
Nz_Order,24,,,,,,,,,,,,,,,,,,
,,,,,,,,,,0,,,,,,,,,
,,,,,,,,,0,0,0,,,,,,,,
,,,,,,,,0,0,0,0,0,,,,,,,
,,,,,,,0,0,0,0,0,0,0,,,,,,
,,,,,,0,0,0,0,0,0,0,0,0,,,,,
,,,,,0,0,0,0,0,0,-4,0,0,0,0,,,,
,,,,0,0,0,0,-6,0,12,0,0,0,0,0,0,,,
,,,0,0,0,0,-1,0,0,10,0,0,0,0,0,0,0,,
,,0,0,0,0,0,0,0,-4,4,-5,-1,0,0,0,0,0,0,
,0,0,0,0,0,0,-5,-5,5,33,8,2,0,0,0,0,0,0,0
0,0,0,0,0,0,-1,7,8,7,,,,,,,,,,
,,,,,,,,,,,,,,,,,,,
Nz_Order,19,,,,,,,,,,,,,,,,,,
,,,,,,,,,,0,,,,,,,,,
,,,,,,,,,0,0,0,,,,,,,,
,,,,,,,,0,0,0,0,0,,,,,,,
,,,,,,,0,0,0,0,0,0,0,,,,,,
,,,,,,0,0,0,0,0,0,0,0,0,,,,,
,,,,,0,0,0,0,0,0,0,0,0,0,0,,,,
,,,,0,0,0,0,0,0,0,0,0,0,0,0,0,,,
,,,0,0,0,0,0,0,0,1,1,0,0,0,0,0,0,,
,,0,0,0,0,0,0,0,3,-3,-9,-10,-4,-3,0,-2,0,0,
,0,0,0,0,0,0,0,-7,-8,14,30,17,8,0,2,0,0,0,0
0,1,-2,2,-3,6,-8,9,2,27,,,,,,,,,,
,,,,,,,,,,,,,,,,,,,
Nz_Order,25,,,,,,,,,,,,,,,,,,
,,,,,,,,,,0,,,,,,,,,
,,,,,,,,,0,0,0,,,,,,,,
,,,,,,,,0,0,0,0,0,,,,,,,
,,,,,,,0,0,0,0,0,0,0,,,,,,
,,,,,,0,0,0,0,0,0,0,0,0,,,,,
,,,,,0,0,0,0,0,0,0,0,0,0,0,,,,
,,,,0,0,0,0,0,0,1,0,0,0,0,0,0,,,
,,,0,0,0,0,0,2,-4,0,0,-2,0,0,0,0,1,,
,,0,0,0,0,0,0,0,2,1,5,0,0,-3,0,0,0,-7,
,0,0,0,0,0,2,0,-5,-4,1,0,0,3,0,0,8,0,4,4
0,0,0,0,0,0,-15,6,28,36,,,,,,,,,,
,,,,,,,,,,,,,,,,,,,
Nz_Order,22,,,,,,,,,,,,,,,,,,
,,,,,,,,,,0,,,,,,,,,
,,,,,,,,,0,0,0,,,,,,,,
,,,,,,,,0,0,0,0,0,,,,,,,
,,,,,,,0,0,0,0,0,0,0,,,,,,
,,,,,,0,0,0,0,0,0,0,0,0,,,,,
,,,,,0,0,0,0,0,0,0,0,0,0,0,,,,
,,,,0,0,0,0,0,0,0,0,0,0,0,0,0,,,
,,,0,0,0,0,0,0,0,0,0,0,0,0,0,0,0,,
,,0,0,0,0,0,0,0,0,0,0,0,0,0,0,0,0,0,
,0,0,0,-2,-4,-3,-9,-9,0,11,11,4,0,0,0,0,1,0,0
-1,0,0,1,0,8,2,19,23,12,,,,,,,,,,
,,,,,,,,,,,,,,,,,,,
Nz_Order,16,,,,,,,,,,,,,,,,,,
,,,,,,,,,,0,,,,,,,,,
,,,,,,,,,0,0,0,,,,,,,,
,,,,,,,,0,0,0,0,0,,,,,,,
,,,,,,,0,0,0,0,0,0,0,,,,,,
,,,,,,0,0,0,0,1,0,0,0,0,,,,,
,,,,,0,0,0,0,0,0,0,0,0,0,0,,,,
,,,,0,0,0,0,0,0,-1,-2,0,0,0,0,0,,,
,,,0,0,0,0,0,0,-5,6,5,0,0,0,0,0,0,,
,,0,0,0,0,0,0,3,6,-10,-6,-3,0,0,0,0,0,0,
,0,0,0,0,0,5,0,-11,-29,35,8,3,0,0,0,0,0,0,1
0,0,0,0,-1,2,-8,1,4,60,,,,,,,,,,
,,,,,,,,,,,,,,,,,,,
Nz_Order,24,,,,,,,,,,,,,,,,,,
,,,,,,,,,,0,,,,,,,,,
,,,,,,,,,0,0,0,,,,,,,,
,,,,,,,,0,0,0,0,0,,,,,,,
,,,,,,,0,0,0,0,0,0,0,,,,,,
,,,,,,0,0,0,-1,0,0,0,0,0,,,,,
,,,,,0,0,0,0,0,0,0,0,0,0,0,,,,
,,,,0,0,0,0,1,0,2,-3,-2,0,0,0,0,,,
,,,0,0,0,0,0,1,-5,2,7,6,0,0,0,0,0,,
,,0,0,0,0,-3,3,0,8,-18,-24,-4,-2,0,0,0,0,0,
,0,0,-2,2,0,3,-5,0,-9,37,51,-3,4,0,0,0,0,0,0
0,0,0,3,-5,5,-6,9,-5,17,,,,,,,,,,
,,,,,,,,,,,,,,,,,,,
Nz_Order,33,,,,,,,,,,,,,,,,,,
,,,,,,,,,,0,,,,,,,,,
,,,,,,,,,1,0,0,,,,,,,,
,,,,,,,,0,0,0,0,0,,,,,,,
,,,,,,,0,0,0,3,0,0,0,,,,,,
,,,,,,0,0,2,0,-5,2,0,0,0,,,,,
,,,,,0,0,0,0,0,0,0,0,0,0,0,,,,
,,,,0,0,0,0,-4,-1,0,0,0,0,0,0,0,,,
,,,0,0,0,0,0,0,4,15,-2,0,-1,0,0,0,0,,
,,0,0,0,0,0,0,4,-5,-28,0,0,0,0,0,0,0,0,
,0,0,0,0,0,4,-5,-10,-10,73,0,0,0,0,0,0,0,0,0
0,1,-2,3,-4,5,-10,11,0,23,,,,,,,,,,
,,,,,,,,,,,,,,,,,,,
Nz_Order,27,,,,,,,,,,,,,,,,,,
,,,,,,,,,,0,,,,,,,,,
,,,,,,,,,0,0,0,,,,,,,,
,,,,,,,,0,0,0,0,0,,,,,,,
,,,,,,,0,0,0,0,0,0,0,,,,,,
,,,,,,0,0,0,0,0,0,0,0,0,,,,,
,,,,,0,0,0,0,0,2,0,0,0,0,0,,,,
,,,,0,0,0,0,0,0,0,-8,0,5,0,0,0,,,
,,,0,0,0,0,0,0,0,0,6,6,-5,0,0,0,0,,
,,0,0,0,0,0,0,0,14,-20,-5,4,0,0,0,0,0,0,
,-14,0,0,3,0,3,0,-7,-18,29,18,-6,0,0,-2,0,0,0,0
19,8,0,0,-5,6,-10,9,-5,37,,,,,,,,,,
,,,,,,,,,,,,,,,,,,,
Nz_Order,27,,,,,,,,,,,,,,,,,,
,,,,,,,,,,0,,,,,,,,,
,,,,,,,,,-2,0,0,,,,,,,,
,,,,,,,,0,0,0,0,0,,,,,,,
,,,,,,,0,0,-3,0,0,0,0,,,,,,
,,,,,,0,4,2,1,0,0,0,-4,5,,,,,
,,,,,0,-2,0,0,0,0,4,-5,7,0,0,,,,
,,,,2,0,0,0,0,-2,3,-5,2,0,-3,2,-2,,,
,,,0,0,0,0,0,0,0,0,0,0,-2,1,0,0,0,,
,,-1,0,-1,0,-1,4,2,-1,-31,-2,5,0,0,0,0,0,0,
,-5,0,0,0,0,0,-4,-7,17,58,15,-3,0,0,0,0,0,0,0
4,6,-1,3,-3,4,-5,7,1,0,,,,,,,,,,
,,,,,,,,,,,,,,,,,,,
Nz_Order,46,,,,,,,,,,,,,,,,,,
,,,,,,,,,,0,,,,,,,,,
,,,,,,,,,0,0,0,,,,,,,,
,,,,,,,,0,0,0,-1,0,,,,,,,
,,,,,,,0,0,0,0,0,0,0,,,,,,
,,,,,,0,0,0,0,0,0,0,0,0,,,,,
,,,,,0,0,0,0,-1,0,0,0,0,0,0,,,,
,,,,0,0,0,0,0,0,0,0,0,0,0,0,0,,,
,,,0,0,0,-1,0,0,5,3,-2,0,0,0,0,0,0,,
,,0,0,0,0,0,0,3,-13,-24,0,0,0,0,0,0,0,0,
,0,0,0,0,0,0,-4,-8,27,48,3,4,0,0,0,0,1,0,0
0,2,-3,3,-6,9,-9,9,-5,24,,,,,,,,,,
,,,,,,,,,,,,,,,,,,,
Nz_Order,25,,,,,,,,,,,,,,,,,,
,,,,,,,,,,0,,,,,,,,,
,,,,,,,,,0,0,0,,,,,,,,
,,,,,,,,0,0,0,0,0,,,,,,,
,,,,,,,0,0,0,0,0,0,0,,,,,,
,,,,,,0,0,0,1,0,0,2,-1,0,,,,,
,,,,,0,0,0,0,0,0,0,-5,0,0,2,,,,
,,,,0,0,1,0,0,-1,0,-4,7,0,0,0,0,,,
,,,0,0,0,0,0,0,-2,0,6,0,-2,1,-3,0,0,,
,,0,0,0,0,-4,0,0,4,-14,-7,-3,0,0,2,0,0,0,
,0,0,-1,1,0,5,-1,-2,-4,44,40,-6,3,-2,0,0,1,0,0
0,0,0,2,-3,3,-7,6,1,4,,,,,,,,,,
,,,,,,,,,,,,,,,,,,,
Nz_Order,39,,,,,,,,,,,,,,,,,,
,,,,,,,,,,0,,,,,,,,,
,,,,,,,,,0,-3,3,,,,,,,,
,,,,,,,,0,0,0,0,0,,,,,,,
,,,,,,,0,0,0,0,0,3,0,,,,,,
,,,,,,1,0,0,0,-7,-4,0,0,0,,,,,
,,,,,0,0,0,0,0,0,0,0,0,0,0,,,,
,,,,0,0,0,-1,0,0,13,0,-9,0,0,0,0,,,
,,,0,0,0,0,0,0,-2,21,10,0,0,0,0,0,0,,
,,0,0,0,0,0,0,2,0,-35,-15,3,0,0,0,0,0,0,
,0,0,0,0,0,0,-3,0,0,69,15,0,0,0,0,0,0,0,0
0,0,0,0,0,0,0,4,-2,1,,,,,,,,,,
,,,,,,,,,,,,,,,,,,,
Nz_Order,22,,,,,,,,,,,,,,,,,,
,,,,,,,,,,0,,,,,,,,,
,,,,,,,,,0,0,-2,,,,,,,,
,,,,,,,,0,0,0,0,2,,,,,,,
,,,,,,,2,0,0,0,0,0,0,,,,,,
,,,,,,0,0,-1,0,0,1,0,0,0,,,,,
,,,,,0,0,0,0,0,2,0,2,0,0,0,,,,
,,,,0,0,0,0,0,0,-9,0,0,0,0,0,0,,,
,,,0,0,0,0,0,0,8,18,0,-4,2,0,0,0,0,,
,,0,0,0,0,0,0,0,-19,-52,-2,0,0,0,0,0,0,0,
,0,0,-2,0,0,2,-3,-5,19,89,4,1,0,0,0,0,0,0,0
0,0,-1,4,0,1,-6,8,-2,7,,,,,,,,,,
,,,,,,,,,,,,,,,,,,,
Nz_Order,30,,,,,,,,,,,,,,,,,,
,,,,,,,,,,0,,,,,,,,,
,,,,,,,,,0,0,0,,,,,,,,
,,,,,,,,1,0,0,0,-3,,,,,,,
,,,,,,,-5,0,0,0,0,4,2,,,,,,
,,,,,,6,0,0,0,0,0,0,0,3,,,,,
,,,,,0,0,0,0,0,4,-9,0,0,0,4,,,,
,,,,0,0,0,0,0,0,-6,0,3,-2,0,-5,2,,,
,,,0,0,0,0,0,-1,2,10,10,0,-3,0,0,0,0,,
,,0,0,0,0,-3,0,0,-6,-44,-10,0,0,0,0,0,0,0,
,0,0,0,0,0,5,-2,0,17,72,17,-2,1,0,0,0,0,0,1
0,0,0,0,-3,5,-8,8,-8,7,,,,,,,,,,
,,,,,,,,,,,,,,,,,,,
Nz_Order,38,,,,,,,,,,,,,,,,,,
,,,,,,,,,,0,,,,,,,,,
,,,,,,,,,0,0,0,,,,,,,,
,,,,,,,,-12,0,0,0,0,,,,,,,
,,,,,,,8,6,4,0,0,0,1,,,,,,
,,,,,,3,0,0,0,0,0,-2,0,0,,,,,
,,,,,3,-3,3,0,0,2,-9,0,0,2,0,,,,
,,,,0,0,-2,0,-6,0,-10,10,10,-4,0,0,0,,,
,,,0,0,0,0,0,-2,2,11,0,-8,0,0,-2,0,0,,
,,0,2,0,0,-3,0,0,-6,-37,-2,4,0,2,0,0,0,4,
,0,0,-5,0,-4,4,0,3,19,73,7,-2,0,0,0,0,0,0,1
-1,2,-3,6,-5,7,-6,7,-8,0,,,,,,,,,,
,,,,,,,,,,,,,,,,,,,
Nz_Order,50,,,,,,,,,,,,,,,,,,
,,,,,,,,,,0,,,,,,,,,
,,,,,,,,,0,0,0,,,,,,,,
,,,,,,,,0,0,0,0,0,,,,,,,
,,,,,,,0,0,0,0,-1,0,0,,,,,,
,,,,,,0,0,0,0,0,2,0,-4,4,,,,,
,,,,,0,0,0,0,0,0,0,-8,8,-3,0,,,,
,,,,0,0,0,0,0,-1,0,-10,12,0,0,0,-1,,,
,,,0,0,0,0,0,0,0,-2,10,0,-3,0,0,0,0,,
,,0,0,0,1,-2,3,2,0,-23,-2,0,0,0,0,0,0,0,
,0,0,0,1,0,3,-2,-4,11,47,24,-3,3,-1,2,-1,0,0,0
0,1,-2,1,-3,2,-5,5,0,3,,,,,,,,,,
,,,,,,,,,,,,,,,,,,,
Nz_Order,40,,,,,,,,,,,,,,,,,,
,,,,,,,,,,0,,,,,,,,,
,,,,,,,,,0,0,-4,,,,,,,,
,,,,,,,,0,0,0,0,0,,,,,,,
,,,,,,,0,-4,0,0,0,0,0,,,,,,
,,,,,,0,8,0,0,0,4,-6,0,14,,,,,
,,,,,0,0,0,0,0,0,0,0,10,-6,0,,,,
,,,,0,0,0,0,0,0,0,0,5,-5,0,0,0,,,
,,,0,0,0,0,0,0,-3,11,7,-10,0,0,0,-3,0,,
,,0,0,0,0,0,0,0,0,-46,-9,-4,0,0,0,0,0,0,
,0,0,0,0,0,0,0,-4,10,65,20,-2,3,0,3,0,0,0,0
0,0,0,0,-5,5,-7,9,-5,13,,,,,,,,,,
,,,,,,,,,,,,,,,,,,,
Nz_Order,31,,,,,,,,,,,,,,,,,,
,,,,,,,,,,0,,,,,,,,,
,,,,,,,,,0,0,0,,,,,,,,
,,,,,,,,2,0,0,0,-3,,,,,,,
,,,,,,,0,0,0,0,0,0,0,,,,,,
,,,,,,0,-2,0,0,0,0,0,0,0,,,,,
,,,,,0,4,0,0,0,5,0,0,0,0,2,,,,
,,,,0,0,0,0,0,0,-8,-4,4,0,0,0,-2,,,
,,,0,0,0,0,0,0,0,7,18,0,0,0,0,0,0,,
,,0,0,0,0,0,0,0,13,-25,-21,4,0,0,0,0,0,2,
,0,0,0,0,-6,10,-4,-4,-30,54,25,-10,0,0,0,-2,0,0,2
0,0,0,0,-1,6,-12,7,0,33,,,,,,,,,,
,,,,,,,,,,,,,,,,,,,
Nz_Order,32,,,,,,,,,,,,,,,,,,
,,,,,,,,,,0,,,,,,,,,
,,,,,,,,,0,0,-4,,,,,,,,
,,,,,,,,0,-14,5,0,0,,,,,,,
,,,,,,,14,9,0,0,0,0,0,,,,,,
,,,,,,0,-6,5,0,0,0,0,0,0,,,,,
,,,,,0,0,0,0,0,7,-5,0,0,0,0,,,,
,,,,0,0,0,0,0,-3,-9,0,6,0,0,0,-3,,,
,,,0,0,0,-3,0,0,0,14,3,-3,-1,0,0,0,2,,
,,0,2,0,0,0,0,0,-3,-40,-6,0,0,0,0,0,0,0,
,0,0,0,0,0,0,0,0,22,68,9,0,0,0,0,0,4,0,0
0,0,0,0,-3,2,0,5,-5,-5,,,,,,,,,,
,,,,,,,,,,,,,,,,,,,
Nz_Order,32,,,,,,,,,,,,,,,,,,
,,,,,,,,,,2,,,,,,,,,
,,,,,,,,,-1,0,0,,,,,,,,
,,,,,,,,-5,0,0,0,0,,,,,,,
,,,,,,,2,0,0,0,0,0,0,,,,,,
,,,,,,6,6,0,7,0,3,0,-7,3,,,,,
,,,,,0,0,0,-5,0,0,0,-9,11,0,0,,,,
,,,,2,-2,0,0,0,0,-1,-9,7,0,0,0,0,,,
,,,0,0,0,0,-5,-7,4,3,5,3,-5,0,0,0,0,,
,,0,0,-3,1,-2,8,0,-4,-37,-5,1,0,0,-3,0,0,0,
,2,0,0,0,0,0,-3,-4,22,67,12,0,0,0,0,1,0,0,0
0,0,-3,1,-3,6,-5,7,-5,5,,,,,,,,,,
,,,,,,,,,,,,,,,,,,,
Nz_Order,49,,,,,,,,,,,,,,,,,,
,,,,,,,,,,0,,,,,,,,,
,,,,,,,,,0,0,0,,,,,,,,
,,,,,,,,0,0,0,0,0,,,,,,,
,,,,,,,-1,0,0,0,0,-4,0,,,,,,
,,,,,,0,0,0,0,0,-3,0,6,-2,,,,,
,,,,,0,0,0,0,0,0,-4,0,0,0,0,,,,
,,,,0,0,0,0,0,0,0,9,-7,0,0,-2,-1,,,
,,,0,0,0,0,0,0,0,0,10,-6,0,0,0,0,0,,
,,0,0,0,4,0,0,-9,4,-7,0,7,0,0,2,0,0,0,
,0,0,0,0,-4,4,-13,11,11,60,15,-6,5,0,0,0,0,0,0
0,0,0,0,0,0,0,16,-11,-20,,,,,,,,,,
,,,,,,,,,,,,,,,,,,,
Nz_Order,30,,,,,,,,,,,,,,,,,,
,,,,,,,,,,0,,,,,,,,,
,,,,,,,,,0,0,0,,,,,,,,
,,,,,,,,0,-1,0,-1,0,,,,,,,
,,,,,,,0,0,0,0,0,4,3,,,,,,
,,,,,,2,0,0,2,0,2,-6,0,2,,,,,
,,,,,0,0,0,2,-2,6,-7,0,0,2,0,,,,
,,,,0,2,-2,0,-3,0,-11,3,7,-5,0,-2,0,,,
,,,0,0,0,0,1,-1,0,14,16,-6,0,0,0,0,0,,
,,0,0,-5,0,-5,0,-1,0,-35,-22,1,0,0,0,0,0,1,
,0,0,0,5,0,10,0,4,2,70,33,-6,2,0,0,0,0,0,0
0,0,0,0,-4,3,-8,3,-3,-2,,,,,,,,,,
,,,,,,,,,,,,,,,,,,,
Nz_Order,48,,,,,,,,,,,,,,,,,,
,,,,,,,,,,4,,,,,,,,,
,,,,,,,,,-12,0,-4,,,,,,,,
,,,,,,,,9,0,3,0,0,,,,,,,
,,,,,,,6,0,2,0,0,0,4,,,,,,
,,,,,,0,-2,0,0,-2,4,-1,0,0,,,,,
,,,,,0,0,0,0,0,5,-6,0,0,0,2,,,,
,,,,0,0,0,0,0,-2,-5,-3,10,-3,0,-3,0,,,
,,,0,0,0,0,0,-4,0,6,14,-5,0,0,0,0,2,,
,,0,0,0,0,-3,2,0,2,-27,-19,0,0,0,1,0,0,0,
,1,0,0,0,-6,8,-4,4,0,59,31,-4,2,0,0,-2,0,0,0
0,0,0,1,-5,7,-8,8,-6,3,,,,,,,,,,
,,,,,,,,,,,,,,,,,,,
Nz_Order,49,,,,,,,,,,,,,,,,,,
,,,,,,,,,,0,,,,,,,,,
,,,,,,,,,-4,0,0,,,,,,,,
,,,,,,,,0,-3,3,0,0,,,,,,,
,,,,,,,7,7,0,0,0,0,3,,,,,,
,,,,,,0,0,0,7,0,0,-6,0,3,,,,,
,,,,,0,0,-3,0,-8,11,-8,5,0,0,0,,,,
,,,,-1,0,0,0,0,0,-13,0,11,-7,0,-3,0,,,
,,,0,0,0,-3,0,-5,0,6,9,-5,0,0,0,0,0,,
,,0,0,0,0,0,3,0,0,-31,-18,2,0,2,0,0,0,0,
,0,0,-2,0,0,3,0,0,15,71,20,-4,1,0,0,0,0,2,0
0,0,0,4,-4,3,-5,4,-4,-1,,,,,,,,,,
,,,,,,,,,,,,,,,,,,,
Nz_Order,44,,,,,,,,,,,,,,,,,,
,,,,,,,,,,0,,,,,,,,,
,,,,,,,,,0,0,0,,,,,,,,
,,,,,,,,0,0,0,0,0,,,,,,,
,,,,,,,0,0,0,0,0,0,0,,,,,,
,,,,,,0,0,0,1,0,-3,4,0,0,,,,,
,,,,,1,0,0,-2,0,-5,0,0,0,0,0,,,,
,,,,0,0,0,2,0,0,5,0,-3,0,0,0,0,,,
,,,0,0,0,0,0,0,-8,11,5,-6,0,0,0,0,0,,
,,0,0,0,0,0,0,-2,0,-32,-10,5,0,0,0,0,0,0,
,0,0,-3,0,0,0,-17,10,16,80,14,-3,2,0,0,0,0,0,0
0,0,0,4,-2,0,0,20,-8,-12,,,,,,,,,,
,,,,,,,,,,,,,,,,,,,
Nz_Order,30,,,,,,,,,,,,,,,,,,
,,,,,,,,,,0,,,,,,,,,
,,,,,,,,,0,0,0,,,,,,,,
,,,,,,,,0,0,0,0,0,,,,,,,
,,,,,,,2,0,0,0,0,0,0,,,,,,
,,,,,,0,0,0,0,0,0,-4,0,0,,,,,
,,,,,0,0,0,0,0,0,0,4,0,0,2,,,,
,,,,0,2,0,0,0,0,-6,0,0,0,0,0,-4,,,
,,,0,0,0,-2,0,-2,3,9,7,0,0,0,0,0,4,,
,,2,0,0,0,0,5,0,0,-27,-6,-3,0,0,-1,0,0,19,
,0,0,-4,0,0,0,-8,-6,-5,49,8,0,0,0,0,-2,0,0,0
0,0,0,6,-4,2,-6,13,2,15,,,,,,,,,,
,,,,,,,,,,,,,,,,,,,
Nz_Order,34,,,,,,,,,,,,,,,,,,
,,,,,,,,,,-2,,,,,,,,,
,,,,,,,,,0,0,4,,,,,,,,
,,,,,,,,0,0,0,0,2,,,,,,,
,,,,,,,0,0,0,0,0,0,0,,,,,,
,,,,,,-1,0,0,0,0,0,0,0,2,,,,,
,,,,,0,0,0,0,0,0,0,0,0,0,0,,,,
,,,,0,0,0,0,0,0,-8,0,-1,0,0,0,0,,,
,,,0,0,0,0,2,0,6,21,0,0,0,0,0,0,0,,
,,0,0,0,0,0,0,0,-16,-45,-1,0,0,0,0,0,0,0,
,0,0,0,0,-4,6,-8,3,0,77,5,-2,1,0,0,0,0,0,0
-2,4,-4,5,-6,11,-13,13,-9,24,,,,,,,,,,
,,,,,,,,,,,,,,,,,,,
Nz_Order,31,,,,,,,,,,,,,,,,,,
,,,,,,,,,,0,,,,,,,,,
,,,,,,,,,0,0,6,,,,,,,,
,,,,,,,,0,3,-4,-5,-2,,,,,,,
,,,,,,,0,0,0,-4,-2,0,0,,,,,,
,,,,,,0,0,0,0,0,0,0,0,0,,,,,
,,,,,0,0,0,0,0,-5,0,-1,0,0,0,,,,
,,,,0,0,-2,-5,2,-3,15,8,-8,0,0,0,0,,,
,,,0,0,0,0,0,0,1,10,3,0,0,0,0,0,0,,
,,0,0,0,-1,-2,0,4,0,-1,0,4,0,0,0,0,0,0,
,0,0,0,0,0,-6,0,10,12,42,6,2,0,0,0,0,0,0,0
0,0,0,0,0,0,14,-1,-17,-9,,,,,,,,,,
,,,,,,,,,,,,,,,,,,,
Nz_Order,34,,,,,,,,,,,,,,,,,,
,,,,,,,,,,0,,,,,,,,,
,,,,,,,,,0,0,0,,,,,,,,
,,,,,,,,0,0,0,0,0,,,,,,,
,,,,,,,0,0,0,0,0,0,0,,,,,,
,,,,,,0,0,0,0,0,0,0,0,0,,,,,
,,,,,0,0,0,0,0,0,0,0,0,0,0,,,,
,,,,0,0,0,0,0,0,0,0,0,0,0,0,0,,,
,,,0,0,0,0,0,0,0,0,0,0,0,0,0,0,0,,
,,0,0,0,0,0,0,0,12,1,-12,0,0,0,0,0,0,0,
,0,0,-3,0,-2,0,0,0,-41,29,15,2,0,0,0,0,0,0,0
3,0,0,3,0,10,-13,11,-17,66,,,,,,,,,,
,,,,,,,,,,,,,,,,,,,
Nz_Order,16,,,,,,,,,,,,,,,,,,
,,,,,,,,,,0,,,,,,,,,
,,,,,,,,,0,0,0,,,,,,,,
,,,,,,,,0,0,0,0,0,,,,,,,
,,,,,,,0,0,0,0,1,0,0,,,,,,
,,,,,,0,0,0,0,0,0,0,0,0,,,,,
,,,,,0,0,0,0,0,0,0,0,0,-2,0,,,,
,,,,0,0,0,0,0,0,-3,0,0,0,0,0,0,,,
,,,0,0,0,0,0,0,0,15,2,0,0,0,0,0,0,,
,,0,0,0,0,0,0,0,-6,-26,-9,0,0,-7,0,0,0,0,
,0,0,0,0,0,-7,-22,18,-8,61,10,-4,4,9,2,0,1,0,0
0,0,0,0,0,0,11,29,-25,20,,,,,,,,,,
,,,,,,,,,,,,,,,,,,,
Nz_Order,24,,,,,,,,,,,,,,,,,,
,,,,,,,,,,0,,,,,,,,,
,,,,,,,,,0,0,-2,,,,,,,,
,,,,,,,,0,0,0,0,2,,,,,,,
,,,,,,,0,0,0,0,0,0,0,,,,,,
,,,,,,0,0,0,0,2,0,-1,0,0,,,,,
,,,,,0,0,0,0,0,0,-4,0,0,0,1,,,,
,,,,0,0,0,0,0,0,-3,4,3,0,0,-2,0,,,
,,,0,0,0,0,0,0,0,4,4,0,0,0,0,0,0,,
,,0,0,0,0,0,1,0,-1,-17,-9,-6,0,0,1,0,0,0,
,0,0,0,0,0,3,-6,0,-9,61,24,0,0,0,0,0,0,0,0
0,0,0,0,0,0,-3,6,0,11,,,,,,,,,,
,,,,,,,,,,,,,,,,,,,
Nz_Order,26,,,,,,,,,,,,,,,,,,
,,,,,,,,,,0,,,,,,,,,
,,,,,,,,,0,0,-2,,,,,,,,
,,,,,,,,0,0,0,0,0,,,,,,,
,,,,,,,0,0,0,0,0,0,0,,,,,,
,,,,,,0,0,0,0,2,0,0,0,0,,,,,
,,,,,0,0,0,0,0,0,0,0,0,0,6,,,,
,,,,0,0,0,0,0,0,0,-7,0,2,0,0,0,,,
,,,0,0,0,0,0,0,-5,8,14,0,0,0,0,0,0,,
,,0,0,0,0,0,0,0,19,-34,-23,0,-5,0,0,0,0,0,
,0,0,0,0,0,0,0,-9,-19,58,27,0,0,0,0,0,0,0,0
0,3,-4,8,-12,10,-10,13,-8,32,,,,,,,,,,
,,,,,,,,,,,,,,,,,,,
Nz_Order,25,,,,,,,,,,,,,,,,,,
,,,,,,,,,,0,,,,,,,,,
,,,,,,,,,0,0,0,,,,,,,,
,,,,,,,,0,0,0,0,0,,,,,,,
,,,,,,,0,0,0,0,0,5,0,,,,,,
,,,,,,0,0,0,0,0,0,0,0,-8,,,,,
,,,,,0,0,0,0,0,0,-8,0,0,0,0,,,,
,,,,0,0,0,0,0,0,-6,7,0,-8,-1,0,0,,,
,,,0,0,0,0,0,0,7,0,0,19,0,0,-2,0,0,,
,,0,0,0,0,0,0,-8,-26,-11,14,0,0,0,0,0,0,0,
,0,0,0,-1,0,0,-8,11,39,56,-15,7,5,4,0,0,0,0,0
0,0,0,0,0,3,-4,12,-6,-13,,,,,,,,,,
,,,,,,,,,,,,,,,,,,,
Nz_Order,28,,,,,,,,,,,,,,,,,,
,,,,,,,,,,-3,,,,,,,,,
,,,,,,,,,0,0,0,,,,,,,,
,,,,,,,,0,0,0,0,0,,,,,,,
,,,,,,,0,0,0,0,0,0,0,,,,,,
,,,,,,0,0,3,0,6,0,4,3,0,,,,,
,,,,,0,0,0,0,0,0,0,-7,0,0,3,,,,
,,,,0,0,0,0,0,0,-4,0,0,0,0,0,0,,,
,,,0,0,0,0,0,0,4,10,1,4,0,0,0,0,0,,
,,0,0,0,0,0,0,7,-12,-27,0,4,0,0,0,0,0,0,
,0,0,0,0,0,0,2,-16,-6,64,-10,0,-3,0,0,0,-1,0,0
1,0,0,0,0,3,-9,7,-8,44,,,,,,,,,,
,,,,,,,,,,,,,,,,,,,
Nz_Order,29,,,,,,,,,,,,,,,,,,
,,,,,,,,,,-2,,,,,,,,,
,,,,,,,,,0,0,-1,,,,,,,,
,,,,,,,,0,0,3,-1,0,,,,,,,
,,,,,,,1,0,-3,1,0,-5,0,,,,,,
,,,,,,3,0,0,-3,0,3,0,0,0,,,,,
,,,,,0,0,0,-4,0,-2,5,0,0,1,0,,,,
,,,,0,0,-4,0,0,8,-1,-12,4,3,0,-1,0,,,
,,,0,0,0,0,0,0,5,6,-10,0,0,0,0,0,0,,
,,0,1,0,0,0,0,0,-6,-6,11,4,0,0,0,0,0,0,
,0,0,0,0,0,-7,-7,16,20,56,-4,1,1,0,0,0,0,0,0
0,0,0,0,-1,0,5,13,-18,-9,,,,,,,,,,
,,,,,,,,,,,,,,,,,,,
Nz_Order,43,,,,,,,,,,,,,,,,,,
,,,,,,,,,,0,,,,,,,,,
,,,,,,,,,0,0,0,,,,,,,,
,,,,,,,,0,0,0,0,0,,,,,,,
,,,,,,,0,0,0,0,0,0,0,,,,,,
,,,,,,0,0,4,-3,0,1,0,0,0,,,,,
,,,,,0,0,-2,0,0,0,0,0,0,0,0,,,,
,,,,-4,0,0,3,-6,5,0,0,0,0,0,0,0,,,
,,,0,0,3,0,0,0,2,5,-8,0,0,0,0,0,0,,
,,-4,-3,0,0,0,0,-6,-12,-19,8,0,0,0,0,0,0,0,
,0,3,0,0,0,0,-12,20,38,65,-7,0,0,2,-1,0,0,0,0
0,2,0,2,-7,0,2,30,-8,-29,,,,,,,,,,
,,,,,,,,,,,,,,,,,,,
Nz_Order,33,,,,,,,,,,,,,,,,,,
,,,,,,,,,,0,,,,,,,,,
,,,,,,,,,0,0,3,,,,,,,,
,,,,,,,,-2,4,0,0,0,,,,,,,
,,,,,,,0,0,0,0,-4,0,4,,,,,,
,,,,,,-3,1,0,0,0,0,0,0,0,,,,,
,,,,,0,0,0,-2,0,-2,0,0,0,0,0,,,,
,,,,-1,0,0,0,0,0,0,10,-10,0,0,0,-1,,,
,,,0,0,0,0,0,0,-1,11,7,-3,0,0,-1,0,0,,
,,0,0,0,0,0,0,4,7,-2,3,7,-2,0,0,0,0,0,
,0,0,0,5,2,-3,-10,15,1,44,4,-4,3,0,2,0,0,0,0
0,0,0,0,-4,0,7,7,-22,-10,,,,,,,,,,
,,,,,,,,,,,,,,,,,,,
Nz_Order,40,,,,,,,,,,,,,,,,,,
,,,,,,,,,,0,,,,,,,,,
,,,,,,,,,0,0,0,,,,,,,,
,,,,,,,,0,0,0,0,0,,,,,,,
,,,,,,,0,0,0,2,0,0,0,,,,,,
,,,,,,0,0,0,0,0,0,0,0,0,,,,,
,,,,,0,0,0,-1,0,0,0,0,0,0,0,,,,
,,,,0,0,0,0,0,0,0,0,0,-2,0,0,0,,,
,,,0,0,0,0,0,0,0,0,0,0,0,0,0,0,0,,
,,0,0,0,0,0,0,0,2,14,0,-12,0,0,0,-4,0,-4,
,0,0,0,-2,0,0,4,0,-28,0,10,18,2,6,0,0,3,3,0
0,0,0,0,0,4,-4,0,0,53,,,,,,,,,,
,,,,,,,,,,,,,,,,,,,
Nz_Order,20,,,,,,,,,,,,,,,,,,
,,,,,,,,,,0,,,,,,,,,
,,,,,,,,,0,0,1,,,,,,,,
,,,,,,,,0,2,0,0,0,,,,,,,
,,,,,,,0,0,0,0,-3,1,0,,,,,,
,,,,,,0,0,0,0,0,0,0,0,0,,,,,
,,,,,0,0,0,0,1,-1,0,0,0,0,0,,,,
,,,,0,0,0,0,2,0,2,0,-4,0,0,2,-3,,,
,,,0,0,0,0,-3,-1,-8,3,0,0,-2,3,0,0,0,,
,,0,0,-2,0,-2,-3,0,-3,-3,-1,0,4,-5,0,1,0,0,
,0,-3,-2,10,-9,-11,-9,11,9,46,14,-2,1,5,0,0,0,0,1
0,0,5,0,-7,8,18,13,-15,3,,,,,,,,,,
,,,,,,,,,,,,,,,,,,,
Nz_Order,47,,,,,,,,,,,,,,,,,,
,,,,,,,,,,0,,,,,,,,,
,,,,,,,,,0,0,0,,,,,,,,
,,,,,,,,0,0,0,0,0,,,,,,,
,,,,,,,0,0,0,1,0,0,0,,,,,,
,,,,,,0,0,0,0,0,0,0,0,0,,,,,
,,,,,0,0,0,0,0,-2,0,0,0,0,0,,,,
,,,,0,0,0,0,0,0,0,1,0,0,0,0,0,,,
,,,0,0,0,0,0,0,0,0,0,0,4,0,0,0,0,,
,,0,0,6,0,0,0,3,0,-5,-4,0,-9,0,0,0,0,0,
,-8,0,0,-8,0,-5,-22,-5,0,36,7,0,11,0,0,0,0,0,0
0,7,0,0,-8,0,6,60,-2,0,,,,,,,,,,
,,,,,,,,,,,,,,,,,,,
Nz_Order,22,,,,,,,,,,,,,,,,,,
